sf_email,sf_telefon,sf_land,sf_fullname,sf_address
helmuthbolnbach@example.com,+49(0)9839301031,D,Tony Dussen van,"Natalie-Kabus-Gasse 9473, 99737 Erkelenz"
bklapp@example.com,00106 513338,D,Dominik Dietz,"Etzoldstraße 447, 78108 Bremervörde"
bjoernpechel@example.org,+49 (0) 1913 619399,Deutchland,Winfried Paffrath,"Elly-Butte-Straße 64/43, 62475 Amberg"
briemerasta@example.org,04251 35427,Deutschland,Vadim Scholtz,"Schmidtkeallee 8, 12411 Guben"
stefanoeckbauer@example.org,+49(0)5053 31586,Germany,Constanze Rohleder,"Stephanie-Hellwig-Platz 360, 63421 Bad Kissingen"
vstey@example.org,(09468) 044369,Deutchland,Siegmar Stadelmann,"Mohauptstraße 83-38, 48951 Suhl"
gaetanobarth@example.org,+49(0) 791769367,Germany,Lothar Hecker,"Henkplatz 1, 32870 Cottbus"
zoranhartmann@example.com,0706562729,Deutchland,Jutta Wähner,"Senta-Kreusel-Weg 1, 27204 Hofgeismar"
bdoering@example.com,(07262) 84987,Germany,Miriam Linke,"Mälzerallee 6/4, 47379 Husum"
simon85@example.com,04443 135182,BRD,Birgitta Radisch,"Heinz-Günter-Warmer-Straße 9/5, 34352 Ansbach"
kamilbien@example.org,04271 09477,Deutschland,Ina Reinhardt,"Kargeplatz 4, 11671 Duderstadt"
detlef31@example.net,0999386774,Deutschland,George Rose,"Jäkelstr. 9, 33412 Einbeck"
achimlange@example.com,(07403) 447134,Deutchland,Birgid Bruder,"Silvio-Drewes-Weg 2242, 24994 Crailsheim"
aneta46@example.com,03782 639821,Deutschland,Sybilla Trubin,"Wirthallee 6-9, 04499 Dresden"
uaustermuehle@example.org,0217459615,BRD,Eckhard Putz,"Junckweg 28-40, 31611 Eggenfelden"
justina51@example.com,+49(0)2368 516048,Deutschland,Sigrun Nerger,"Uli-Koch-Allee 7/6, 37098 Schongau"
anika91@example.com,03908 47007,D,Tobias Wulff,"Loosweg 87, 15921 Gunzenhausen"
loewerdursun@example.net,02809885165,Deutchland,Marlen Caspar,"Ullmanngasse 5/6, 98327 Bützow"
erdogan49@example.org,0899809402,Deutchland,Niklas Röhricht,"Tintzmannallee 6/6, 22961 Witzenhausen"
weinholdannette@example.org,0675254599,BRD,Evangelia Becker,"Regina-Birnbaum-Platz 290, 76797 Guben"
kaulstefano@example.org,+49(0)9784 03690,D,Heinz-Georg Wende,"Harald-Jacobi Jäckel-Platz 644, 07622 Perleberg"
claudio60@example.com,+49(0)7159696641,D,Hülya Hein,"Bärerring 697, 61369 Pasewalk"
eboerner@example.com,(04490) 58147,BRD,Maik Flantz,"Bendergasse 24/91, 79807 Hettstedt"
berthavogt@example.net,06143 41036,Deutchland,Jens-Uwe Hande,"Bolnbachgasse 19-98, 24609 Gießen"
margarete27@example.net,02217 043030,D,Baldur Kitzmann,"Jesselstr. 9-8, 03450 Guben"
vkuhl@example.com,0527758416,Deutschland,Falko Koch,"Steffen-Schleich-Platz 6/2, 54479 Eggenfelden"
ruppersbergerfreddy@example.net,06543102786,D,Peer Martin,"Jonas-Wohlgemut-Ring 53-89, 12172 Brand"
aputz@example.com,(01251) 778528,Deutchland,Rocco Trupp,"Kristin-Ehlert-Straße 1, 42253 Paderborn"
pschenk@example.net,04801 624565,Deutschland,Bernard Holzapfel,"Rolf-Birnbaum-Weg 2584, 87849 Dachau"
ykoester@example.com,0049523986800,Germany,yvonne dieiz," 38-97, 59526 SAARLOUIS"
ktrommler@example.com,00551 694097,D,Michael Patberg,"Sölzerallee 3097, 23091 Arnstadt"
aflantz@example.net,+49(0) 689702838,BRD,Thilo Johann,"Spießstraße 6-3, 85854 Euskirchen"
brita43@example.com,+49(0)3757 58441,BRD,Vanessa Hentschel,"Krokerallee 12/54, 57473 Pirmasens"
lambert99@example.org,+49(0)5301 74268,Germany,Katerina Hethur,"Stumpfgasse 6/4, 27279 Lübeck"
,+49(0) 342708668,bod,KUNIBEsT Kohl,"reinad-henk-ring 6m17, M3046 Bersenbrük"
wolfhaenel@example.com,+49(0)0331 73936,D,Hans-Heinrich Wesack,"Birgid-Jungfer-Ring 8-9, 44587 Burg"
uwesack@example.org,05609320489,D,Madlen Ullmann,"Hübelplatz 4536, 85477 Eichstätt"
fredytschentscher@example.net,02808 010062,Deutchland,Janna Kitzmann,"Cetin-Trommler-Platz 3, 50997 Apolda"
jaentschtillmann@example.com,+49(0)1212 67888,D,Eitel Conradi,"DOB ESGASSF 95, 99560 luebben"
van-der-dussensabina@example.net,+49(0) 982622444,BRD,Reimund Wulff,"Fiebiggasse 764, 71543 Sangerhausen"
rwirth@example.net,02507 14611,Deutschland,Petros Krein,"Nicolai-Jockel-Ring 83-68, 17751 Bad Liebenwerda"
barkholzmiriam@example.com,(01238) 28258,Deutschland,Mareen Tröst,"Misicherplatz 3-3, 60937 Königs Wusterhausen"
mernst@example.com,08767 67721,BRD,Urszula Anders,"Lotti-Wesack-Platz 1/5, 84279 Quedlinburg"
miguel89@example.org,(07500) 170127,Deutschland,Juergen Junitz,"Ackermannstraße 5242, 54152 Lemgo"
ralphwohlgemut@example.org,(02189) 09275,Deutchland,Raissa Jacob,"Ernestine-Weiß-Platz 8-4, 12196 Mainburg"
pergandesonia@example.org,+49 (0) 8569 146303,Germany,Denis Jessel,"Steffi-Lübs-Gasse 19-59, 10202 Ingolstadt"
guiseppe52@example.net,+49(0)1056 48149,Deutschland,Annegret Plath,"Albertine-Meyer-Weg 30/67, 41913 Bad Liebenwerda"
uwalter@example.com,+49(0)3836 702410,Germany,Abdullah Werner,"Rosl-Pölitz-Straße 27/91, 61990 Sternberg"
klaus-dieterhess@example.com,0557431329,Deutschland,Waldtraut Ehlert,"Gerold-Döring-Platz 77-25, 37474 Bremen"
marija90@example.org,02135680442,D,Gilbert Striebitz,"Urszula-Lachmann-Straße 3171, 00323 Kitzingen"
schmiedeckeelly@example.net,+49(0) 476870146,Deutschland,Tilo Fischer,"Siegbert-Gute-Allee 6806, 87598 Kyritz"
junckendolores@example.org,+49(0)4078593213,BRD,Jurij Girschner,"José-Reinhardt-Allee 3, 52239 Wittmund"
leadoerschner@example.net,01569154522,Deutchland,Anastasios Finke,"Zorbachweg 95-62, 92644 Eisenberg"
kwinkler@example.org,+49 (0) 9593 917251,BRD,Jana Ackermann,"Necati-Juncken-Platz 85, 43315 Bützow"
roggetheodora@example.org,09970629620,Deutchland,Gordon Wagenknecht,"Maximilian-Haering-Platz 9-9, 44310 Riesa"
BERTKOIGELHOEFER@EXAMPLE.ORG,0149731035,d,Betti Noack,"Buttestrasse 74, 74186 Kemnath"
nfechner@example.net,(06065) 30745,D,H.-Dieter Hofmann,"Miguel-Jähn-Ring 8/2, 24754 Schleiz"
stiffelante@example.org,07972798552,D,Alwine Kruschwitz,"Weißallee 14, 02933 Säckingen"
bpeukert@example.net,+49(0)7229034944,D,Harro Heuser,"Kohlallee 47/84, 89691 Oranienburg"
heidelindereinhardt@example.net,05842 824172,BRD,Ivanka Trüb,"van der Dussenallee 451, 34655 Rothenburg ob der Tauber"
luisschulz@example.org,4907432927129,BiRD,EIK Schüler,"SCHULZsti. 7-8, 00835 HETTSTEDh"
wklemt@example.org,+49 (0) 6033 230982,D,Frank-Peter Karz,"Pasquale-Trub-Allee 6, 89090 Staffelstein"
stumpferhardt@example.com,06184 723046,Deutschland,Mary Bärer,"Geza-Pölitz-Ring 961, 41173 Grimma"
orhantlustek@example.com,+49(0)2087 37530,D,Marleen Preiß,"Grit-Cichorius-Gasse 92-21, 43744 Badibling"
loewergesine@example.net,+49(0) 756289002,Germany,Pascale Kambs,"Oderwaldallee 617, 54083 Luckau"
obien@example.net,(01779) 827080,Deutschland,Mijo Dörr,"Sauerstraße 392, 69958 Lüdenscheid"
vsteuer@example.net,+49(0)6081 06200,Österreich,Cecilia Stahr,"Jovan-Weitzel-Platz 5/3, 43805 Burglengenfeld"
josefaseifert@example.net,0384066658,BRD,Elise Steuer,"Aleksej-Weimer-Ring 6973, 34721 Einbeck"
ihertrampf@example.net,+49(0)0858 87704,Germany,Silvana Drewes,"Marian-Pieper-Gasse 92, 13361 Pirmasens"
eseifert@example.net,(02075) 01102,Deutchland,Marisa Tintzmann,"Rohtgasse 8466, 65061 Sondershausen"
weitzelswetlana@example.net,08141 413975,D,Gretl Rosenow,"Eckbauerweg 2149, 57759 Uelzen"
mandy56@example.org,+49(0)5336452577,Deutschland,Corinna Fliegner,"Klemtallee 8/9, 29142 Grimma"
minnaschmiedecke@example.net,+49 (0) 8272 299275,Deutschland,Alla Atzler,"Heinz-Otto-Wesack-Straße 4145, 38567 Bad Mergentheim"
annedorepaertzelt@example.net,0291279908,Germany,Elias Bachmann,"Dogan-Nerger-Allee 198, 86508 Geldern"
lsiering@example.com,+49(0)8695 94636,Deutschland,Eitel Förster,"Gießring 64-74, 13721 Olpe"
gutknechtmirjam@example.net,04309 88392,Deutschland,Agatha Mangold,"Oskar-Henck-Allee 2, 46566 Paderborn"
conradibetti@example.com,0043655k39376,BRD,Alexandros Walter,"Johannes-Gertz-Straße 28, 51848 Uelzen"
hans-guenther84@example.org,+49(0)7955 27636,Deutschland,Otfried Schmidtke,"Knappeallee 5-8, 92931 Gera"
jgunpf@example.net,+49 (0) 7026 728857,BRD,Bozena Löwer,"Hermannstr. 6, 20347 Meppen"
oswin58@example.net,+49(0)5061 59399,Germany,Julia Käster,"Lidija-Hölzenbecher-Ring 88/27, 94722 Lüdinghausen"
danielleschenk@example.com,(09688) 45783,Deutschland,Tilman Ernst,"Thomas-Jäntsch-Ring 5-3, 00825 München"
albertberger@example.net,09251 327195,Schweiz,Ernst-Dieter Kroker,"Bruno-Klemm-Allee 381, 35857 Artern"
isabella24@example.org,07848 739285,BRD,Heike Kostolzin,"Wagenknechtstraße 9/3, 82744 Mettmann"
lwagner@example.org,(05935) 186387,BRD,Abdul Wulf,"Elfie-Holzapfel-Ring 6-2, 81022 Flöha"
handevictoria@example.net,+49(0)1386 338392,Germany,Christopher Jähn,"Weinholdgasse 27/36, 86852 Jessen"
michaele56@example.net,0593983684,Deutchland,Samira Jopich,"Mentzelstraße 1-1, 90824 Hannover"
scheibefranca@example.com,+49(0)9610556613,DEUTSCLrND,marietta ,"EVELINE-WULFF-ALLEE 1-5, 592 5 DÖBELN"
thiesbeyer@example.org,+49(0) 521103924,Deutchland,Elizabeth Margraf,"Mohammad-Täsche-Gasse 8/8, 53833 Pößneck"
stefanowinkler@example.org,(09251) 88125,Germany,Linus Stroh,"Iwona-Becker-Ring 7-5, 42312 Auerbach"
EDELTRAUD99@EXAMPLE.ORG,03305 172897,D,klothilade Schkmidtve,"Gorlitzallee 8-8, 2330c6 Gräfenhainichen"
rohtreimer@example.net,(00347) 64472,Deutschland,Asta Kroker,"Hornigstr. 8, 77181 Rothenburg ob der Tauber"
rezalehmann@example.com,00279 371452,Germany,Tanja Textor,"Dino-Drewes-Allee 95-71, 68602 Rehau"
gotthilffiebig@example.org,+49(0)6447421230,Germany,Ottilie Sorgatz,"Aumannstraße 17-88, 39776 Bitterfeld"
henschelraphaela@example.net,+49(0)9830 22050,D,Dorothe Schinke,"MONJA-BECKMANN-ALLEE /2, 16224 "
svetlana01@example.com,05616814721,Germany,Karla Sager,"Jüttnerstr. 9-4, 90198 Neuruppin"
slobodan95@example.com,09952 99787,D,Isabell Stroh,"Girschnerstr. 2430, 71396 Bad Mergentheim"
aleksandarschwital@example.org,+49(0)4144 88501,D,Meinolf Killer,"Kargestraße 2, 55770 Neunburg vorm Wald"
ilka50@example.com,0173574384,Deutschland,Erich Zänker,"Engin-Köster-Gasse 1178, 82357 Hofgeismar"
plathguelay@example.org,+49(0) 076810409,D,Friedo Wilmsen,"Meinhard-Mosemann-Gasse 58, 94353 Gütersloh"
nhenck@example.org,02761 53966,Deutschland,Victor Kühnert,"Ringweg 8219, 99758 Melle"
mbohnbach@example.org,(09657) 01329,Germany,Hanns Jäntsch,"Kathy-Finke-Allee 578, 99733 Hannover"
slavica65@example.org,(00986) 240580,Deutchland,Catrin Stiebitz,"Hulda-Römer-Ring 14, 69656 Kronach"
GEZAGERLACA@E XAMPLE.COM,4903865624220,GERMANM,SOENKE zcTE,"Friederike-Bachmann-Platz 26-s2, 79692 plpe"
stolzeevelin@example.net,(04905) 807787,Deutchland,Wigbert Schuchhardt,"Linkering 5/3, 94940 Rosenheim"
sontagklaus-dieter@example.net,(00471) 281442,BRD,Gunther Ruppersberger,"Höfigallee 1/2, 92752 Viechtach"
xmisicher@example.net,4909345255800,brd,Jens SÖLZER,"Aleksander-Langern-Gasse 67, 44300 bayewth"
undinescheuermann@example.net,+49(0)1192 692124,D,Tatjana Scheibe,"Mosemannweg 57, 54214 Kronach"
obluemel@example.net,+49(0)5851 743280,D,Hanny Jähn,"Speerplatz 7/2, 71732 Euskirchen"
alexandergerlach@example.net,+49(0)4179291117,Germany,Hilma Seip,"Carl-Gutknecht-Straße 26/95, 53092 Belzig"
annegret76@example.org,+49 (0) 9092 791456,BRD,Friedo Schwital,"Brita-Heinz-Platz 28, 88373 Bamberg"
antonsuessebier@example.net,+49(0)4217762534,BRD,Hansjoachim Käster,"Lisa-Schweitzer-Weg 498, 68739 Moers"
i harloff@exampld.com,+49(0)3107 42799,deutschland,Katarzyna Awumnn,"ZhENTA-METZ-str. H662, 01658 Hamburg"
kevinbuchholz@example.org,+49 (0) 4127 238046,BRD,Daniele Krein,"Willfried-Kensy-Straße 40-24, 38569 Starnberg"
zebjko98@example.net,S07493424375,Deutschland,Freya imier," 2, e292 Emmendingen"
frieda47@example.com,(02975) 170281,BRD,Gerolf Adolph,"Barthstraße 6751, 93983 Fallingbostel"
qstey@example.org,06375 99805,D,Anatoli Carsten,"Finkeweg 6-7, 04554 Regen"
aweihman@web.de,+49(0)2662 99123,D,Diethar hande,"jlicenalle e e1/29, 642 Wanzleben"
mboerner@example.net,09796471589,Deutchland,Kornelia Hofmann,"Michelle-Heser-Platz 2, 72520 Kamenz"
weinhagemargarethe@example.org,+49(0) 223423216,D,Inge Jähn,"Czeslaw-Bähr-Straße 1-4, 08907 Greifswald"
skobelt@example.net,+49 (0) 7125 663836,BRD,Eckart Hamann,"Klara-Johann-Gasse 31-88, 48015 Chemnitz"
vschinke@example.com,(07386) 46317,Deutchland,Raymond Hölzenbecher,"Gießgasse 81-96, 12669 Witzenhausen"
knappezdenka@example.org,+4y93961367459,BRD,Stella GEISLE," 6-8, 78427 Cottbus"
niemeiereckhard@example.net,(03578) 52945,BRD,Reinhart Junitz,"Gutknechtstraße 48, 40496 Schwäbisch Gmünd"
lkoch@example.com,0930089317,Deutchland,Hans-Ulrich Caspar,"Jonas-Tintzmann-Platz 6, 94215 Reutlingen"
dwirth@example.net,0133Q447626,D,Erib Austermuehle,"Dorit-Hande-Ring 3i26, 44397 Kemnath"
salzhans-juergen@example.com,+49 (0) 8757 215862,D,Wencke Römer,"Drubring 2, 45644 Osterode am Harz"
glehmann@example.com,(09454) 91801,Germany,Ekkehart Pergande,"Gießallee 260, 45977 Hünfeld"
hans-georgbudig@example.net,(04168) 006102,Deutschland,Waltraut Gotthard,"Miesweg 8-5, 64122 Erkelenz"
edeltraudnoack@example.org,0743380054,Deutchland,Hajo Gute,"Steyplatz 280, 61931 Neustadt am Rübenberge"
krystyna08@example.com,+49 (0) 8910 771199,Deutschland,Jobst Karge,"Marie-Theres-Rörricht-Gasse 22, 52478 Wismar"
theresia07@example.org,+49(0)8115562606,Deutchland,Roswita Mielcarek,"Gertrude-Segebahn-Platz 8, 66845 Amberg"
hildegundkusch@example.com,(03899) 75634,Germany,Marika Holt,"Arndt-Renner-Ring 3-9, 31884 Wurzen"
baumromy@example.net,(04346) 810548,BRD,Evi Freudenberger,"Ebertgasse 57, 75399 Jena"
raedelmanfred@example.com,+49(0)1118 24224,Germany,Hans-Adolf Liebelt,"German-Jäntsch-Straße 609, 00461 Diepholz"
bartholomaeus28@example.net,+49(0)4161 284639,BRD,Heini Sauer,"Stollring 8/5, 55379 Apolda"
freyaadler@example.net,00026 876811,Deutschland,Sigrun Süßebier,"Rosalie-Steckel-Straße 75, 62017 Euskirchen"
josefinebaerer@example.com,(05319) 43375,BRD,Tillmann Anders,"Karl-Jürgen-Nohlmans-Allee 2036, 98728 Steinfurt"
gbolzmann@example.net,+49(0)8046619639,BRD,Ladislaus Schmidt,"Traugott-Kraus-Straße 2-6, 78593 Burglengenfeld"
SCHEELLISAEXAMPLE.ORG,0204569723,Deutschland,Aleksandr Scheibe,"lucie-beyer-gasse 749, C49822 eiligenstadt"
hans-theohoelzenbecher@example.org,+49(0) 425832302,Germany,Zdenka Becker,"Ditschleringasse 661, 47355 Passau"
qzobel@example.net,4902868578725,BRD,IWOdNA butti,"Putzweg 57-77, 33373 Fuestenwalde"
leonwalter@example.org,05536 668459,D,Fredi Rust,"Caterina-Zimmer-Gasse 725, 36186 Nauen"
tschwital@example.org,+49 (0) 1820 970231,Germany,Elias Jüttner,"Hölzenbecherplatz 8481, 58025 Kötzting"
kmisicher@example.org,+49(0)4754 692632,Germany,Rabea Noack,"Mielcarekstraße 791, 32484 Vechta"
erdal25@eximple.net,,DEUTSCHLAND,srefrqed Atzler," 52, 8621t Doebeln"
heinz-guentertrueb@example.org,,Germany,thiez ," 4-4, 3310y ANSBlACH"
krebsheini@example.com,+49(0) 149501364,Deutchland,Georgine Jopich,"Dobesweg 641, 25257 Hoyerswerda"
gkranz@example.net,+49(0) 890309143,D,Alfonso Schlosser,"Werneckeplatz 30, 74326 Sondershausen"
kkostolzin@example.com,06896 270661,Deutchland,Ursel Klingelhöfer,"Scheibestr. 582, 74746 Bernburg"
lgeissler@example.com,+49 (0) 2372 817932,Deutchland,Kevin Wagner,"Branko-Weiß-Platz 2467, 14161 Belzig"
wladimirneureuther@example.net,+49(0)0040 901380,Deutchland,Miroslav Becker,"Schleichstr. 8/8, 96555 Gerolzhofen"
ingmarhahn@example.org,(01160) 25643,BRD,Wolfram Spieß,"Stadelmannstraße 92, 15399 Sonneberg"
HERMINE38@EXAMPLE.COF,+4f490259047272i,GERcMAp,Ivonne HLZAPNFEL,"Hornichplatz , 260 Juetnrbog"
traudebirnbaum@example.org,05962 63013,D,Yvette Mühle,"Niemeierring 861, 47501 Borken"
nellischeuermann@example.net,+49 (0) 0875 102932,Deutchland,Rosmarie Drubin,"Caren-Hertrampf-Gasse 91, 58260 Hannover"
gertraude87@example.org,(07585) 988310,BRD,Bastian Pohl,"Arndt-Graf-Platz 4/3, 95429 Biedenkopf"
ralf-dieter26@example.com,+49(0)4628 314359,Deutchland,Bettina Hermighausen,"Siegfried-Fliegner-Ring 7-1, 14181 Berchtesgaden"
klotzsibille@example.com,+49(0)2340 16361,Deutschland,Maurice Schwital,"Hanno-Putz-Allee 8/2, 94849 Badalzungen"
wgirschner@example.net,(08896) 79240,BRD,Götz Junck,"Gerta-Eberth-Platz 5-1, 39672 Jülich"
marlenreuter@example.org,04e9474430963,D,Mwj Stiebtz,"SEzrFERTSTR. 7, 0m5097 HMMLBURG"
killerromy@example.net,+49 (0) 6501 673188,Deutchland,Nikolaus Döring,"Salvatore-Ebert-Straße 2, 37654 Mainburg"
elias77@example.org,+49 (0) 5605 313402,Polen,Rosalie Gnatz,"Linkeweg 40/82, 16787 Hildesheim"
dottw@mqxample.net,21102258q,Deetchland,Karoline Wieloch,"BRNDT-STIEBITZ-RING 1-x, 44716 Schwarzenberg"
losekannhans-friedrich@example.com,05541 108255,D,Wieslaw Holt,"Weimerallee 43/74, 12910 Euskirchen"
brudertheodora@example.net,+4954k3820236,SCHWEIZ,Ildiko matchäi," 25B77, 76880 SACKT GORSHAUSEN"
klausbien@example.net,+49(0)3678812786,Deutchland,Kamil Textor,"Kühnertstr. 4/3, 29390 Nürtingen"
laurenz34@example.net,,D,Imkf Tschontscher," 1q/4, 81059 Hildesheim"
schleicheckhard@example.com,0010023142,Germany,Annelies Etzler,"Ljiljana-Anders-Gasse 31/83, 24572 Bautzen"
erna81@example.org,+49(0)1841862030,BRD,BEATA Süßebier,"SLOBODAN-KRAUSE-PLATZ 7423, 2314 Bischofswerda"
ltarste@example.net,,polen,apollonia hyn," 610, 24728 Gifhorn"
walther65@example.com,(00412) 00928,Deutchland,Annelise Thanel,"Aldo-Kroker-Straße 98-54, 62418 Cuxhaven"
dschoenland@example.org,0289177566,Deutschland,Josefine Hahn,"Bert-Köhler-Allee 4-5, 11595 Gerolzhofen"
walburgaotto@gmail.com,08572545960,DEUTSCHLAND,geergine Faust,"Henckplatz 82, 02481 Brilon"
sylkehuebel@example.org,+49(0)4955 112747,Deutchland,Uli Johann,"Wiekstraße 819, 54669 Meiningen"
kruschwitzkristina@example.com,+49(0) 651559737,Deutschland,Detlev Girschner,"Karl-Heinrich-Metz-Gasse 472, 90960 Malchin"
hahnoda@example.org,(06442) 12146,Deutschland,Wilhelm Hamann,"Korbinian-Trub-Straße 9-4, 20165 Eckernförde"
energer@example.net,+49 (0) 6596 089319,D,Hans-Ulrich Keudel,"Markus-Stadelmann-Allee 80/32, 51648 Meppen"
lschwital@example.org,+49(0)3368296353,Deutschland,Therese Eberth,"Wilma-Stiebitz-Weg 5, 04481 Stadtroda"
schulztill@example.net,00463378613,dtutcland,lbvrtine Weiß,"Ebertring 16-66, Y8444 shl"
aloisiadrubin@example.net,(06482) 531106,D,Herwig Dippel,"Ester-Winkler-Weg 909, 96027 Erding"
konstantingude@example.net,+49(0) 640412091,Deutchland,Igor Söding,"Valerij-Schenk-Gasse 52, 21175 Kötzting"
zpeukert@example.org,+49(0)2346 19942,Deutschland,Juliane Oderwald,"Ute-Ullmann-Straße 8-7, 59196 Finsterwalde"
rosmarie17@example.org,+49(0)8496498560,Deutschland,Caroline Kitzmann,"Hans Peter-Junitz-Straße 253, 55251 Herzberg"
katerina56@example.org,05790 64771,BRD,Kurt Höfig,"Schönlandgasse 3, 02156 Eilenburg"
margita80@example.net,+49(0)4010414596,D,xDiethelm Grein Groth,"TfANE LPLATZ 297, 52967 Parsberg"
fspeer@example.com,07314415833,Deutschland,Annelise Hendriks,"Conrad-Oderwald-Gasse 7037, 71539 Zeulenroda"
jsoelzer@example.net,+49(0)2356 798363,D,Tina Jockel,"Karl-Hans-Löchel-Platz 2/3, 11307 Groß-Gerau"
,,BRD,Nikolaj mue glr," 67/97, 7457 HANNOVERSCH MÜNDEN"
aschacht@example.com,+49(0)3098 59167,BRD,Nicolas Kabus,"Hövelgasse 7, 72849 Hansestadttralsund"
elsbethring@example.net,+49(0)0626 07870,BRD,Angelina Köster,"Berthold-Hiller-Allee 25, 97501 Viersen"
carenweihmann@example.com,+49 (0) 3244 079311,D,Hardy Plath,"Gerhardt-Schleich-Gasse 43, 70876 Cottbus"
reinhart51@example.org,+49(0)1893 89846,Deutchland,Marica Hoffmann,"Benita-Thanel-Gasse 14-60, 43502 Pößneck"
bluemelandres@example.org,09608 70662,Deutschland,Liesa Heidrich,"Tintzmannstraße 217, 53560 Gelnhausen"
rosmarie37@example.net,+49(0)5843 84588,Deutschland,Ilka Wähner,"Bernward-Kensy-Straße 44-31, 48315 Bad Freienwalde"
tania09@example.com,+49(0)9305 96601,BRD,Leo Beckmann,"Ullmannweg 9/8, 99842 Mühlhausen"
serpilaustermuehle@example.com,(04138) 45960,Deutchland,Julie Hellwig,"Klotzring 1/2, 95427 Apolda"
gorlitzhedwig@example.net,09508 304405,Niederlande,Erdal Sölzer,"Dorle-Heinz-Ring 91, 18133 Riesa"
ingetrauthornig@example.org,05999101576,Germany,Ferenc Kühnert,"Weihmannallee 5-8, 29812 Saarlouis"
ipoelitz@example.com,+49(0)1176 74124,D,Slawomir Wagenknecht,"Wendelin-Klapp-Gasse 9152, 47815 Mallersdorf"
zeki35@example.net,+49(0)4763928319,Deutschland,Siegrun Bloch,"Ehlertstr. 0, 15581 Paderborn"
gerwinreising@example.com,+49(0) 425563830,D,Heiko Klotz,"Michelle-Bärer-Weg 78, 02440 Senftenberg"
ekoch-ii@example.net,+49(0)4521 182379,Deutchland,Käthe Heinrich,"Denis-Faust-Straße 48-19, 46452 Hettstedt"
radolph@example.net,+49(0) 878753577,Deutschland,Heike Rosemann,"Sonia-Döhn-Straße 36, 28123 Celle"
ogeissler@example.net,02866 041644,D,Arno Löffler,"Schmiedeckering 924, 95894 Moers"
,09648831921,Deutchland,kab hoelzeboecher,"KARLJOSEF-GIESS-RING 92, 59994 Freital"
VALERIGEISEL@EXAMPLE.NET,+49(0)2687 74186,BRD,Dgsber Schleich,"Gießgasse , 652p3 KAMENZ"
schaaflothar@example.com,+49(0)5480 940476,Deutschland,Annelie Gude,"Herlinde-Tlustek-Ring 1/1, 97727 Bad Kissingen"
bolzmannhans-joerg@example.net,+49 (0) 4127 049386,deutschland,maya shahr,"EVI -WEINHLD-GASE 5/u, 191 "
sigridklemt@example.com,+49 (0) 7820 797996,Germany,Friedericke Ditschlerin,"MUeHLEALLEE , 64038 LUEDINGHAUSEN"
LEENID12@GMX.DE,+49(0) 613285072,Schweiz,Rebekka Gerlach,"ditschlerinstr. 4-8, 73162 Z OSGN"
lambertluebs@example.org,06262446704,D,Hans-H. Beyer,"Gießplatz 9-2, 15160 Herzberg"
dstriebitz@example.org,06604 641978,BRD,Filippo Ruppert,"Zahnstraße 28/35, 86120 Waldmünchen"
ankaschmiedecke@example.net,06074 017750,Germany,Danica Heser,"Herrmannstraße 94/50, 45607 Hammelburg"
eminekcltzmann@example.net,0606873682,D,emma Sauer,"auch Schlauchinallee 71, l94 2 WITTENB ERG"
wkitzmann@example.org,0945515888,Niederlande,Rolf-Dieter Rogner,"Heckerallee 8-8, 72264 Perleberg"
grohleder@example.org,+49 (0) 7532 735241,Germany,Dorothe Zobel,"Harro-Rust-Straße 83-49, 78195 Goslar"
katja91@example.net,+49 (0) 5652 373415,Germany,Edwin Fiebig,"Vadim-Tröst-Straße 8454, 74949 Zeulenroda"
andres35@example.net,04429477422,BRD,Fredy Finke,"Edith-Hornich-Straße 4/1, 94290 Kassel"
nmueller@example.org,02985856728,BRD,Irmingard Pechel,"Gertzstraße 1-2, 34332 Schmölln"
helensiering@example.org,+49(0) 720948413,Deutchland,Lucie Warmer,"Selma-Eigenwillig-Weg 1/4, 39977 Pinneberg"
rschinke@example.com,(02587) 84448,BRD,Janko Wende,"Mirco-Höfig-Allee 8/2, 70587 Eberswalde"
hartwigspeer@example.net,+49(0)4505 66588,Deutschland,Ali Tlustek,"Ludmila-Hande-Weg 24-41, 57970 Tuttlingen"
rhering@example.net,(06010) 548574,Deutchland,Veronique Trapp,"Wieslaw-Eimer-Allee 75, 29493 Mayen"
brigitte84@example.net,+49(0)2155732573,Deutchland,Isidor Junken,"Klotzring 1449, 16667 Pegnitz"
rainerbinner@example.com,06336 911289,Deutchland,Nurten Weimer,"Gotthold-Wernecke-Platz 67, 63318 Neu-Ulm"
meyeralexej@example.org,0661554164,Germany,Jens Pechel,"Hilma-Caspar-Allee 8-1, 50232 Dachau"
henrikemoechlichen@example.org,+49(0)9345962622,D,Anna-Marie Förster,"Jolanthe-Staude-Platz 11/82, 46549 Augsburg"
kira25@example.com,02906032020,Deutschland,Yasmin Misicher,"Gotthard-Kruschwitz-Ring 9, 75396 Fulda"
belinda71@example.net,+49(0)8552 45787,BRD,Traugott Scholtz,"Gordana-Karz-Weg 2/6, 08213 Calau"
felix54@example.com,0818268323,Germany,Ernst-Otto Rogner,"Hans-Ulrich-Wagner-Allee 38/99, 85838 Kleve"
evelyneschulz@example.net,+49(0) 289634064,Österreich,Giovanni Ditschlerin,"Preißstraße 37-55, 14843 Beeskow"
friedrichnerger@example.org,+49(0) 626693351,Deutschland,Katherina Langern,"Viviane-Hofmann-Platz 2-3, 72450 Parchim"
ilja76@example.com,+49(0)1444856451,Germany,Janina Schleich,"Edelbert-Trüb-Straße 7973, 17899 Schlüchtern"
mberger@example.org,(01911) 359966,Deutschland,Anna-Marie Stahr,"Nick-Seifert-Straße 19-78, 03920 Burg"
schwitalrudi@example.com,0726m475575,Germfoy,Edelbert ,"Veronika-Geisler-Ring 1, 94884 Lichtenfels"
gumprichdomenico@example.org,(06425) 856261,BRD,Elli Textor,"Schmiedeckestr. 45, 03824 Norden"
isidorhecker@example.com,(03204) 30977,D,Helmut Täsche,"Röhrichtstr. 7628, 45465 Gera"
norman26@example.com,01246 335157,BRD,Hans-Dieter Dietz,"Annegrete-Hertrampf-Gasse 8, 51208 Altentreptow"
poelitzdino@example.net,(05899) 88683,Deutchland,Imke WE NDE,"jungfer puatz 73-74, 61s07 Hettstedt"
fjaekel@example.com,(00803) 14998,Deutschland,Camilla Nette,"Flora-Johann-Allee 8, 04635 Tirschenreuth"
andreakoch-ii@example.net,+49(0)3172351373,Deutchland,Patricia Lübs,"Baptist-Kranz-Platz 14, 52635 Bad Liebenwerda"
elvirastaude@example.com,0943460666,D,Gerolf Faust,"Grein Grothallee 14-79, 72311 Ebern"
hendrikssoeren@example.net,07279083350,D,Denis Wiek,"Tülay-Fliegner-Ring 3/6, 30662 Oberviechtach"
erikagude@example.com,(07071) 39848,Deutchland,Carl-Heinz Hecker,"Friedo-Rogge-Ring 1, 68809 Wernigerode"
arnim21@example.net,+49(0) 060906913,Deutchland,Sybilla Jungfer,"Carla-Ritter-Gasse 7, 49673 Schrobenhausen"
cwagner@example.com,0755562833,Niederlande,Siegmund Lindau,"Ingrid-Grein Groth-Weg 9957, 54362 Bützow"
xjacob@example.net,0033582686,Deutchland,Babette Siering,"Therese-Margraf-Gasse 5692, 69326 Mühlhausen"
klothildeneuschaefer@example.com,(09801) 110005,D,Ismail Warmer,"Luis-Klemm-Platz 234, 95977 Vilsbiburg"
ckraushaar@example.net,(04655) 86652,Deutschland,Sarah Möchlichen,"Tschentscherring 2744, 15810 Zossen"
schollkathi@example.com,+49(0)7015 959194,Germany,Mohammed Wagner,"Mendering 55-87, 83392 Tübingen"
umisicher@example.com,07722 660256,BRD,Nikolaos Lange,"Roger-Kobelt-Gasse 3-3, 31067 Gräfenhainichen"
mikeschuchhardt@example.com,(09691) 92845,Deutschland,Aleksej Jäntsch,"Strohallee 859, 07563 Hofgeismar"
cemil76@example.org,+49(0)2507 33055,Germany,Dragica Vogt,"Rörrichtplatz 6/8, 98339 Hamburg"
annegretepaertzelt@example.com,+49(0) 660443240,Deutschland,Jasmin Bolander,"Gabriella-Seifert-Straße 85, 76829 Zerbst"
,+4367429250105,GPERMANY,Lutz Doerr,"Kochplatz 16/78, 62g90 HILDURuHAUSEN"
bertacichorius@example.org,02143 308003,D,Lisbeth Kroker,"Bergergasse 9322, 56608 Niesky"
erogner@example.org,+49(0) 903397051,Germany,Andre Staude,"Pechelallee 363, 94485 Ebern"
heinz-guenther80@example.com,+49(0)3253765769,Germany,Erdmute Hein,"Songül-Noack-Straße 4/2, 00900 Aachen"
ullrichsager@example.net,04409 71231,Frankreich,Enno Christoph,"Stiebitzstraße 0, 67620 Staßfurt"
inge47@example.org,+49(0)0433 70096,Germany,Carl Winkler,"Zorbachplatz 4, 19577 Kleve"
dorinakarge@example.net,(02923) 61618,Schweiz,Mohammad Patberg,"Annamaria-Döhn-Weg 4, 35715 Pößneck"
diedrichrudolph@example.org,(03785) 84712,Germany,Erol Barth,"Drubstr. 3, 24260 Beeskow"
dowerganneke@example.net,+49(0)9804 25373,Germany,Anette Zirme,"Gina-Mülichen-Straße 33-71, 22821 Oschatz"
istvanschomber@example.com,(05346) 06056,BRD,Claudius Rosemann,"Hans-Josef-Steckel-Allee 46/37, 98623 Nordhausen"
kohlmargareta@example.net,0013477894,Deutschland,Claudio Herrmann,"Gumprichring 6, 91766 Coburg"
klotzkira@example.org,+49(0)1418842163,Deutchland,Fredy Girschner,"Rosa-Maria-Speer-Weg 0, 59446 Gelnhausen"
ekkehard03@example.net,+49(0)6996 73311,Deutschland,Sina Hartmann,"Trubstraße 72-16, 37685 Artern"
mmargraf@example.org,02196263355,Deutschland,Alice Patberg,"Höfigplatz 4/7, 09317 Königs Wusterhausen"
ralf07@example.com,06164 534547,Deutchland,Chantal Kaul,"Gunter-Hartmann-Weg 1065, 12198 Gransee"
torsten24@example.org,0423642813,BRD,Dan Pruschke,"Elsbeth-Birnbaum-Weg 848, 23039 Bergzabern"
,00432132 961620,Germany,gmm SCHLOSSER,"Miesstr. 96-78, 85996 PAEWALK"
almutortmann@example.org,+49(0)3195419666,D,Tamara Ladeck,"Köstergasse 17/43, 27924 Goslar"
sandymangold@example.com,06775 372603,BRD,Friedhelm Bachmann,"Rosl-Schwital-Gasse 6/1, 76619 Jülich"
lkroker@example.org,0634392529,Frankreich,Hubert Neuschäfer,"Scheelstraße 21, 02867 Vechta"
huldafoerster@example.org,+49(0)0912 172214,Germany,Ilias Misicher,"Strohring 2766, 37052 Euskirchen"
arturhartung@example.com,+49(0) 606014886,D,Adam Radisch,"Aline-Wagner-Allee 1/8, 88413 Regen"
beatrixsoelzer@example.org,+49(0)6153701242,Österreich,Ivana Jüttner,"Steckelring 3-7, 25144 Bischofswerda"
marc12@example.net,+49(0) 913044881,BRD,Donald Hettner,"Rohlederweg 2/7, 46154 Dessau"
doeringrosa-maria@example.com,+49(0)7568142983,BRD,Charles Dehmel,"Meinrad-Geisler-Platz 80, 22836 Tecklenburg"
adrianerogge@example.org,+49(0)6396384526,D,Annegret Heydrich,"Sagerring 4/2, 49701 Saarbrücken"
kochmartin@example.com,0847323653,Plen,Friedrich-Karl Finie,"Adelinde-Niemeier-Ring 1-5, 67200 Pasewalk"
sdoerschner@example.org,+49(0)4260 78197,BRD,Klaas Haase,"Jähnweg 8734, 42737 Apolda"
wieland38@example.com,03680 119236,BRD,Bartholomäus Kallert,"Hardy-Mosemann-Straße 91, 23335 Bad Freienwalde"
pasqualeschottin@example.com,(06212) 76025,Deutchland,Erkan van der Dussen,"Anny-Gertz-Allee 2-2, 31261 Geldern"
taescheferdi@example.org,+49(0) 818769208,Geraany,hcpau la Saz,"Augusta-Heinrich-Platz 9089,  "
mariolagiess@example.org,0732318297,Deutschland,Johannes Kade,"Sigfried-Ullmann-Allee 85, 45000 Stollberg"
CARSTENMAGIUSZ@EXAMPLE.ORG,(09113) 71785,BRD,Heline Barth," 2, 56184 Griesbach Rottal"
dorlestaude@example.net,07478 12248,Deutschland,Gisbert Caspar,"Lutz-Kramer-Straße 8, 70090 Stendal"
twernecke@example.org,08631441706,Deutchland,Alwin Henk,"Schülerstraße 555, 26355 Haldensleben"
adrianehande@example.org,0530601198,Deutschland,Dirk Schüler,"Wernerring 2-8, 88002 Auerbach"
metin56@example.org,+49(0)4042 886050,D,Ilhan Mentzel,"Hellwigstraße 7-7, 81126 Bad Langensalza"
poelitzreinhild@example.org,06691062715,Germany,Tilly Gröttner,"Eckhard-Gertz-Platz 6/6, 68826 Neuss"
jwiek@example.net,+49 (0) 9384 401348,D,Erdmute Neureuther,"Loni-Rädel-Straße 8543, 60335 Bamberg"
tony09@example.org,05991 44920,Deutchland,Edmund Stahr,"Hermighausenstr. 769, 48997 Parsberg"
clarissa69@example.org,+49 (0) 5914 084993,Deutchland,Knud Fiebig,"Romy-Grein Groth-Gasse 334, 69806 Ravensburg"
hermannmeta@example.org,+49(0)6823 94840,BRD,Michail Weitzel,"Marlies-Gehringer-Straße 7008, 61016 Biedenkopf"
franjo77@example.net,(05613) 371844,Germany,Sigfried Hellwig,"Scheelgasse 195, 64801 Göppingen"
christaritter@example.com,09736 383182,Niederlande,Annaliese Lindner,"Langegasse 83/19, 98661 Neu-Ulm"
poestrovsky@example.com,02050 68212,Deutschland,Hildegart Bolander,"Helmar-Schuchhardt-Ring 72/61, 58714 Ribnitz-Damgarten"
preissgabriele@example.org,+49(0)9259 679089,Deutschland,Gerald Wagner,"Heinzstraße 9/1, 20509 Sternberg"
mtschentscher@example.net,+49(0)8424 95988,Germany,Melitta Riehl,"Frieda-Caspar-Ring 97/88, 71523 Melsungen"
lmies@example.com,+49(0) 259423289,Deutschland,Jan-Peter Gnatz,"Zobelstraße 2389, 62415 Perleberg"
vgiess@example.com,+49 (0) 9269 335895,Deutchland,Klara Kallert,"Hellmuth-Pärtzelt-Gasse 6-6, 78468 Apolda"
junkklaus-peter@example.com,+49(0)5531 325936,Polen,Richard Jäntsch,"Vogtallee 73, 50094 Uffenheim"
hoelzenbecherundine@example.org,+49(0)5276981987,Deutschland,Nina Seifert,"Edelgard-Wagner-Platz 60-34, 88856 Dessau"
sofiakoch@example.com,+49(0) 183281231,D,Milena Pieper,"Hans-Werner-auch Schlauchin-Platz 4, 06018 Lübeck"
ivan09@example.com,+49(0)4979 12799,D,Gottfried Kreusel,"Adlerplatz 371, 53978 Weißwasser"
utrommler@example.org,(08832) 201256,Germany,Enno Hamann,"Berta-Graf-Platz 0, 87978 Iserlohn"
giuseppina85@example.org,+49(0) 860030443,Germany,Hedi Häring,"Seidelgasse 21/67, 39102 Wetzlar"
dlange@example.net,+49 (0) 0191 116612,Germany,Erkan Striebitz,"Attila-Dussen van-Weg 7, 58733 Bad Freienwalde"
KLOTHILDE23@EXAMPLE.ORG,0043490120270615,Deutschland,Pasquale keraushaar,"wolfheinrichwe 34i-10, 16690 Geitphai"
anni15@example.com,+49(0)2034 03010,D,Folkert Eberth,"Lachmannstraße 55-26, 79554 Einbeck"
tino12@example.net,+49(0)1507138067,BRD,Eberhard Vogt,"Ismet-Bloch-Straße 5510, 84743 Eisenach"
ffischer@example.com,(01832) 700046,D,Rita Kreusel,"Löfflergasse 6/1, 10797 Crailsheim"
BAERERARIN@EXAMPLE.NET,490938x19490,,sigrun Herrmann,"Heringweg 5, 49980 Stade"
katjadussen-van@example.com,08839785708,Deutchland,Antonie Etzler,"Burkhard-Bauer-Ring 6, 57123 Regensburg"
prohleder@example.org,+49 (0) 7488 356517,Deutschland,Slobodan Beyer,"Gnatzring 9, 49668 Weißwasser"
gabi03@example.net,+49(0)4096 61771,Deutchland,Eberhard Lorch,"Hildegart-Heser-Weg 8, 67821 Bitterfeld"
irmtrudscheuermann@example.net,+49 (0) 0753 605117,Germany,Falko Schmiedecke,"Sigismund-Stoll-Allee 3, 36536 Burgdorf"
elfbe16@gmail.zom,4901241158488,Deutchland,rolf-dieter Eimer,"Bonbachgasse 1, 98677 fallimgbotel"
cindyscheibe@example.com,00472 642612,Deutchland,Paula Budig,"Sofie-Gehringer-Gasse 8843, 36596 Moers"
paulhettner@example.net,+49 (0) 4218 385454,BD,Birte Klller,"Anto-Stey-Straße 5/6, 7521 Diheburg"
boerneredeltrud@example.com,+49(0) 045306935,Deutschland,Inken Aumann,"Jovan-Scholz-Platz 13/14, 81677 Osterburg"
lkaul@example.com,+49(0)4544 60838,Deutchland,Sarina Börner,"Strohgasse 49-89, 05391 Pinneberg"
patrizia86@example.net,(09698) 829045,Germany,Urban Paffrath,"Sagerweg 571, 24630 Wetzlar"
qtroest@example.org,+49(0)2383 97283,D,Doreen Reuter,"Catharina-Zorbach-Gasse 818, 62932 Waren"
HOEVELBURKHRD@EXAMPLEMNET,4908453v9807,Deutchland,PiTR krrus,"Linkeallee 535, 951u0 WoSMAB"
suessebierdiana@example.org,+49 (0) 0126 578982,Deutschland,Ulf KOSTOLIIN," 18, 21755 CLOPPENBURG"
stephanietlustek@example.com,0407232472,Germany,Eva-Marie Kuhl,"Sofie-Römer-Weg 14/20, 88224 Gießen"
rmartin@example.net,+49(0)6579551562,Germany,Meinrad Bloch,"Carmen-Gnatz-Allee 9, 85510 Seelow"
stahrdorit@example.org,+49(0) 111786190,BRD,Hildegart Jessel,"Matthäus-Hübel-Allee 36-30, 69535 Vechta"
abdulcarsten@example.net,+49 (0) 2759 500260,BRD,Theda Carsten,"Marcus-Dörschner-Ring 5259, 95074 Niesky"
mtlustek@example.org,09q0595034,hb rd,ECKHARD Wieloch,"René-Hövel-Allee h403, 45203 Bad bMergenthei"
carlo18@example.com,0913599285,Deutschland,Amanda Schfidtke,"Wesackallee 3595, 56100 NEUSTADT AM RÜBENBERGE"
abdullahmartin@example.org,+49(0)5238 023621,D,Vinko Barth,"Cengiz-Kitzmann-Weg 88, 59161 Nürtingen"
mehdi40@example.net,49082Q7200283,DEUTSCHLAND,Magaree Pechel,"eisingplgtz 5220, 44743 WOLGAST"
ullabeer@example.net,+49(0) 115876054,Deutschland,Isidor Heß,"Mosemannallee 5-8, 76945 Kamenz"
jschenk@example.com,09664721307,D,Hans-Georg Wesack,"Ernstplatz 59/31, 14048 Gotha"
ernst-dieterloeffler@example.org,(04391) 368172,D,Marcus Mitschke,"Hans-Ulrich-Eberhardt-Platz 6-6, 86209 Rockenhausen"
pziegert@example.com,+49 (0) 5953 322273,Deutschland,Ivanka Schüler,"Rose-Marie-Preiß-Weg 604, 35323 Main-Höchst"
lisette70@example.com,04912151641,Polen,Lukas Wagenknecht,"Carolin-Wilms-Allee 55/16, 96939 Meppen"
clachmann@example.net,07312 67731,Germany,Annika Rosenow,"Franco-Mangold-Allee 1-8, 98897 Jessen"
atschentscher@example.org,05128276364,,Pawel PSCHJEEL,"digob ertjohnnweg 9/9, 96546 gytr"
paula43@example.com,+49(0)1491 69993,Deutchland,Kornelius Kabus,"Marlis-Trapp-Ring 8/5, 94640 Dinslaken"
natali65@example.net,(06359) 570861,BRD,Nicole Misicher,"Tina-Bohnbach-Ring 48/54, 66311 Potsdam"
handejustus@example.net,+49 (0) 0284 719017,Germany,Götz Heinz,"Vera-Fröhlich-Allee 640, 76487 Nauen"
qjungfer@example.com,+49(0)9924 065838,D,Franca Schuster,"Fliegnerallee 92-25, 25909 Kusel"
ingrid48@example.net,+49 (0) 3733 791212,Deutchland,Richard Werner,"Diedrich-Biggen-Gasse 48-60, 90170 Halberstadt"
pierrestiebitz@example.com,(04963) 30833,BRD,Enrico Kohl,"Hornigring 90-94, 89950 Monschau"
koesterelif@example.net,0851953774,Frankreich,Alwin Geisel,"Roberto-Loos-Allee 7295, 42777 Eilenburg"
alfonslindner@example.org,0581292059,Deutchland,Giuseppe Klemt,"Gerd-Scheel-Ring 61, 30295 Wurzen"
christina81@example.net,,D,Ekaterina sceibe," 100, 32853 RFbRT"
jungfereva-maria@example.org,02438380582,Germany,Paola Dietz,"Schmiedtplatz 0, 68627 Gifhorn"
gerospiess@example.net,+49 (0) 3392 188352,Deutchland,Yasemin Bruder,"Walterstr. 88, 06776 Stadtsteinach"
marieluise92@example.org,(08814) 31927,BRD,Axel Löchel,"Langegasse 68-71, 84572 Weimar"
hilmakrein@example.com,06862959125,D,Marie Wagenknecht,"Haasering 455, 60742 Melle"
wfechner@example.net,0694179967,BRD,Juergen Schottin,"Caren-Adler-Weg 54-97, 99464 Olpe"
vhesse@example.org,05630 27500,Polen,Diane Walter,"Heini-Bien-Allee 26/66, 05641 Rehau"
rnette@example.net,06865240622,BRD,Dietlind Beyer,"Marko-Kaul-Weg 8-3, 62221 Hohenstein-Ernstthal"
edgargeisel@example.net,(00036) 221173,BRD,Jana Keudel,"Evelin-Mitschke-Straße 964, 95855 Eilenburg"
gustav52@example.net,,d,hans-albert Sauer,"Berthold-Kallert-Gasse 5, 91477 Großenhain"
fatma35@example.org,+49(0)7841 71594,Niederlande,Wieland Hein,"Gutering 4/1, 37880 Eutin"
siegmundcarsten@example.org,+49(0) 389260878,Deutchland,Faruk Radisch,"Marga-Roht-Gasse 92/87, 04862 Tirschenreuth"
evangelosmartin@example.net,+49(0)6535 37801,Deutchland,Calogero Johann,"Nuri-Löffler-Allee 53-74, 17762 Rudolstadt"
helmut36@example.org,(09946) 645099,Schweiz,Swetlana Bolzmann,"Helen-Beier-Gasse 8, 73908 Tirschenreuth"
mahmut28@example.com,0933515880,Deutschland,Cilli Biggen,"Weißgasse 73/12, 19391 Grafenau"
kbaum@example.net,(06660) 534281,D,Zeljko Gnatz,"Hermighausenring 26, 19753 Pinneberg"
segebahnwencke@example.com,08116 40343,Germany,Jost Gunpf,"Amelie-Nohlmans-Platz 97-45, 36477 Gransee"
norma96@example.org,+49 (0) 2517 422404,Deutchland,Julia Krebs,"Hagen-Lindner-Gasse 18, 34686 Tuttlingen"
muelichenaleksander@example.org,06720 20095,Frankreich,Ralf-Dieter Hande,"Reinhold-Liebelt-Allee 619, 68900 Mühldorf am Inn"
ansgar01@example.com,+49(0) 259007397,Gerkany,Wilbert Schlceich," 22-22, 86908 Biedenxkopf"
seifertroberto@example.org,+49 (0) 5239 412094,BRD,Oswald Fechner,"Weihmannallee 77-12, 26551 Darmstadt"
geerttrueb@example.org,+49 (0) 1237 205503,Deutschland,Kamil Löwer,"Abram-Bolander-Gasse 8, 34673 Schrobenhausen"
binneranatolij@example.net,(08433) 611371,BRD,Reinald Henschel,"Annegret-Caspar-Ring 99, 45829 Dresden"
ulf00@example.com,+49(0)2918 285181,BRD,Giuseppe Hartung,"Bohnbachweg 155, 61007 Füssen"
ilange@example.com,04947 71290,Deutchland,Cornelius Scholtz,"Otfried-Austermühle-Gasse 2-9, 89742 Gera"
leonidbloch@example.com,0682121564,Deutschland,Luis Heydrich,"Fröhlichring 3/1, 44111 Fallingbostel"
radischgabriel@example.com,+49(0) 063435948,D,Berit Rogner,"Isabell-Bolzmann-Weg 7/9, 66405 Burgdorf"
salzfriederike@example.com,(07855) 01137,BRD,Ana Heser,"Haufferring 810, 88780 Dessau"
albershans-christian@example.com,00855 78002,Deutschland,Timo Lindner,"Staudeallee 4/3, 62216 Kulmbach"
wrohleder@example.com,+49(0)6706 75169,Germany,Dorothee Staude,"Ismail-Rust-Ring 115, 64261 Neubrandenburg"
hans-rudolfknappe@example.org,(08424) 31983,D,Susanna Anders,"Kevin-Riehl-Ring 13, 41691 Herford"
ueberhardt@example.com,+49(0) 855128177,Deutchland,Adeline Pärtzelt,"Dippelplatz 8959, 55426 Zossen"
ofritsch@txample.net,03024465467,Deutschland,Grit Scheuermann,"Faustgasse 21/1b7, 30871 Kulmbach"
preichmann@example.org,00317 543802,Germany,Magret Hesse,"Hübelallee 94, 72602 Holzminden"
hstolze@example.com,+49 (0) 7288 407664,Deutschland,Joerg Winkler,"Albrecht-Matthäi-Allee 4-3, 13538 Nauen"
orhanschleich@example.org,+49(0) 868790604,Deutschland,Sergej Süßebier,"Schäferweg 6205, 40508 Naila"
zhaering@example.net,+49 (0) 7320 222711,Germany,Michaele Girschner,"Martine-Mitschke-Ring 26-89, 62042 Celle"
fweiss@example.com,0020801929,BRD,Margita Adler,"Guenther-Gotthard-Gasse 14/53, 89093 Ebermannstadt"
hans-joseffroehlich@example.com,+49(0) 629620805,BRD,Hans-Jürgen Wende,"Evangelos-Eberth-Ring 2/3, 75965 Bautzen"
waltrudoestrovsky@example.com,+49(0) 177495421,BRD,Erkan Fechner,"Randolf-Gnatz-Weg 2/4, 59192 Lemgo"
eckhardnerger@example.com,+49(0) 626475286,Germany,Tim Bruder,"Krausgasse 709, 73009 Steinfurt"
ischleich@example.com,+49(0)2218 83458,D,Fredy Heß,"Daniela-Girschner-Allee 4, 70676 Freising"
aumannfrancesca@example.net,+49(0)4164 23165,Deutchland,Lilli Langern,"Hövelgasse 8727, 85760 Ueckermünde"
doerthe42@example.net,+49(0)4617551887,BRD,Hartmuth Zobel,"Dierk-Oderwald-Weg 1242, 48374 Groß-Gerau"
pohlpetar@example.net,(09002) 772910,Deutschland,Gertraude Huhn,"Kästergasse 18-56, 56605 Geithain"
ppechel@example.net,0538590673,Germany,Elisa Bachmann,"Haasering 989, 60550 Riesa"
ROHAUPTISABELLE@EXAMPLE.NET,+49(0)6780 664315,Deutchland,Hertha Finke,"eduardkramerpl lee 3u9, 50370 Nauen"
samuelschuchhardt@example.com,4907010880817,Deutschland,Bert Scheuermann,"roman-fischer-weg 996, 44850 MILTENBERG"
meyerbjoern@example.net,+49 (0) 6344 435962,Deutchland,Ilhan Scholz,"Kästerstr. 30-11, 24253 Sankt Goar"
foerstervaleska@example.org,05302 849760,Deutschland,Alfredo Sauer,"Elena-Kohl-Allee 50-42, 52405 Gadebusch"
ghermighausen@example.org,+497540334848,Deutchland,Hildburg WIEL OC,"Ernst-Kitzmann-Allee 97-63, 66232 Mainburg"
dbriemer@example.net,(06235) 699929,Schweiz,Randolf Lindau,"Heinz-Georg-Jungfer-Weg 96-88, 79256 Hannoversch Münden"
annelenea0@exmple.net,1909 31539839,Deutchland,Erin Hzentschel,"Gernot-Eberth-Straße 0, 14407 DnNAUESCHINGEN"
konradatzler@example.com,(02082) 353097,Germany,Giuseppe Weimer,"Lorchstr. 59, 29805 Pfaffenhofen an der Ilm"
zimmerwieland@example.net,+49(0)8517328951,Deutschland,Mario Buchholz,"Kitzmannstraße 2409, 80558 Wetzlar"
rosemarie74@example.com,(06539) 160770,D,Jennifer Dehmel,"Kasimir-Atzler-Weg 5045, 84039 Eisenhüttenstadt"
stiebitzira@example.org,(09184) 311326,Österreich,Dina Geisler,"Ditschleringasse 98/64, 52632 Calw"
atzlernatalie@example.org,(00912) 030252,BRD,Beatrix Schaaf,"Editha-Hesse-Ring 637, 95319 Kötzting"
tom26@example.com,+49(0)2351585015,BRD,Timo Atzler,"Hanne-Lore-Adolph-Gasse 73-81, 56058 Riesa"
mina69@example.org,0561833597,Deutchland,Walentina Weimer,"Schottinweg 16-68, 02377 Potsdam"
segebahneckhardt@example.net,+49 (0) 2095 673332,Frankreich,Josip Henschel,"Hahnallee 739, 40282 Gerolzhofen"
bernfried36@example.org,09529842410,BRD,Harry Roht,"Zorbachweg 1/3, 40675 Mainburg"
ehlerteckhart@example.org,09811 59485,BRD,Jiri Kranz,"Janko-Bachmann-Gasse 82, 22398 Nordhausen"
mircokruschwitz@example.net,08718 882237,Deutschland,Kunibert Gerlach,"Bohlanderring 2/7, 61349 Lobenstein"
remo05@example.net,0794963830,D,Leonard Mosemann,"Fliegnerplatz 2-1, 92616 Deggendorf"
iradisch@example.com,,Deutschlnd,anne-atrin gimmr," 2s9, 40233 Pfaffenhofen an der Ilm"
marzenajunck@example.com,+49(0)1703630944,Deutchland,Slavko Bachmann,"Silvia-Hahn-Weg 1-3, 50898 Aurich"
justine13@example.com,(09096) 19797,Niederlande,Ehrentraud Wulf,"Ernstallee 6/3, 13569 Passau"
silja07@example.org,06748095739,Deutchland,Aleksej Huhn,"Steygasse 19/38, 02944 Stadtsteinach"
,,Germany,Gerlind wJessel,"Textojrstr. 2/7, 33260 Werdau"
QBLUEMEL@EXAMPLE.NET,+49(0)7795 41767,D,Marie-Tmewese Heydrich,"Johannplatz 98, 73781 goth"
dschleich@example.net,(04589) 626838,BRD,Carlos Jungfer,"ROGNGSTR 96-13, 07612 sarl ouis"
girschnererdal@example.net,(09051) 88129,BRD,Roderich Stiffel,"Sölzerallee 38, 70669 Cloppenburg"
heinz-peternerger@example.org,(08268) 933486,Deutschland,Bekir Metz,"Schlosserstraße 3, 06757 Paderborn"
RUPPERTIVANA@WEB.DE,0049621836671,Deutschland,Nico WEIR,"IEBELTSR. 2-1, 56342 DELITZSCH"
andrey92@example.org,+49(0) 517465642,D,Ernst-Otto Höfig,"Birnbaumgasse 4-8, 63199 Wittenberg"
oschmidtke@example.com,09227764149,D,Sarah Seifert,"Andres-Hande-Weg 60/62, 34448 Neunburg vorm Wald"
christaackermann@example.com,03314 546157,D,Friedbert Girschner,"Salzallee 2251, 97887 Fulda"
heribert67@example.net,0210781871,Deutschland,Ditmar Bolzmann,"Elisabet-Steckel-Straße 36/64, 06802 Rosenheim"
steffiullmann@example.org,04230600230,D,Gerlind Gumprich,"Veronica-Paffrath-Straße 65/30, 41142 Luckau"
dobesmahmoud@example.org,+49(0)5992 01663,BRD,Saban Naser,"Mirella-Warmer-Weg 322, 00539 Erbisdorf"
micha64@example.com,+49 (0) 3428 644976,Deutschland,Ingmar Wagner,"Hajo-Hettner-Weg 7-4, 20953 Wolmirstedt"
schollsilvia@example.com,0414753369,Germany,Lilo Hentschel,"Freudenbergerring 74-66, 53896 Zossen"
karen32@example.com,0043g906 792471571,Deutchlany,EVELtNE wilms,"fora-mielcarek-allee 4-9, 54346 Nördlingen"
bsteinberg@example.com,(08335) 39101,Germany,Elsa Lange,"Dörrplatz 29/70, 99490 Eutin"
satzler@example.net,(09100) 42028,Germany,Dino Döhn,"Lindaugasse 9-1, 99034 Cottbus"
zobelagnes@example.org,+49(0) 219402470,Schweiz,Nadeschda Tintzmann,"Wiebke-Pölitz-Weg 24, 28745 Neuss"
wirthsusi@example.net,+49(0) 678576463,D,Sylke Textor,"Ignaz-Röhrdanz-Gasse 7, 91619 Eichstätt"
ernstkeudel@example.com,+49(0)1315350696,GERMANY,Jacob ,"REINALD-BOeRgER-str. v6/6, 527q41 DEBURG"
zenon17@example.net,09948 85669,Deutschland,Evangelia Knappe,"Patbergstr. 2005, 67563 Kassel"
renata22@example.com,+9172662565,BRD,Leopoldine Päyrtzelt,"Jochen-Kranz-Gasse , 13068 Eisleben"
zwulff@example.org,+49(0)0668904172,Deutschland,Johann Benthin,"Ahmet-Mude-Straße 238, 52232 Eisleben"
karlheinzaumann@example.net,490752835999,Deutchland,Hanni Roehricht,"beckmnngaube 2/1, a9135 vilsiburg"
scholtzkenneth@example.net,03419528144,BRD,Andre Jacob,"Röhrichtstraße 94-12, 18893 Kusel"
alena80@example.net,+49(0) 789121397,D,Helfried Wernecke,"Henckallee 1-6, 85575 Vechta"
hans-guenter90@example.com,(06904) 528986,BRD,Kristina Bärer,"Pietro-Börner-Allee 6, 67337 Kitzingen"
kuhlmarc@example.org,06136 814980,Deutchland,Till Beyer,"Oliver-Hartmann-Allee 8, 37699 Soltau"
julius47@example.com,+49 (0) 5084 232423,Niederlande,Elfie Kruschwitz,"Peukertgasse 4, 72415 Gotha"
junkenantonia@example.com,07490627960,Germany,Theres Kruschwitz,"Karl-Georg-Gehringer-Ring 40-43, 95945 Gadebusch"
danielagierschner@example.com,0937063250,D,Oscar Stolze,"Erwin-Heinrich-Weg 580, 02206 Stuttgart"
drogge@example.com,(01902) 23116,Deutchland,Friederike Jungfer,"Schomberstr. 80-76, 53223 Crailsheim"
claasetzler@example.com,(08485) 63711,Deutschland,Auguste Klemm,"Flantzstr. 4/1, 03753 Gifhorn"
ftrub@example.org,(03509) 793442,Deutchland,Karolina Meister,"Francis-Ruppert-Gasse 7/6, 22347 Quedlinburg"
hoerlesieglinde@example.com,09725 184070,D,Nadine Stumpf,"Hermann-Josef-Seip-Weg 814, 33720 Hersbruck"
zneuschaefer@example.net,00636 328630,D,Carlo Trupp,"Cemil-Etzler-Platz 0, 84264 Forchheim"
rmentzel@example.net,0082896713,Deutchland,Katarina Hahn,"Andersallee 54/79, 08564 Celle"
johnscholtz@example.com,+49(0)9350 011546,D,Nuray Graf,"Willibald-Kaul-Weg 8, 38890 Greiz"
dobessophia@example.com,05647 17784,Deutschland,August Scholz,"Dino-Schlosser-Gasse 771, 71611 Osterode am Harz"
bphlath@example.org,4909976759833,Deutschland,Susanna Kres,"Sebastian-Bolzmann-Straße 5, 58353 jueterbog"
theresia46@example.org,+49(0) 087308972,BRD,Paula Pohl,"Felicia-Meyer-Platz 877, 11842 Dachau"
ydoerr@example.com,(06566) 764099,Deutschland,Halina Sager,"Pruschkeallee 1344, 95224 Sulzbach-Rosenberg"
hans-otto79@example.org,+49 (0) 2191 439070,Germany,Raik Stoll,"Süßebierring 13-26, 79115 Wolfenbüttel"
ekkeharthoelzenbecher@example.net,0791463866,D,Rosel Cichorius,"Stiebitzallee 2203, 26652 Heiligenstadt"
msiering@example.net,+49(0)3356369301,D,Agnes Drewes,"Björn-Ullmann-Gasse 8, 18781 Heiligenstadt"
gerlachannelins@web.de,+49(0) 541589290,de tchland,moja Reichmann,"Benno-Hesse-Allee 27n6, 66 Q Dieburg"
andree16@example.net,+49 (0) 7629 226667,D,Steven Ring,"Catrin-Thies-Allee 7761, 22898 Monschau"
manjajunck@example.net,01255 97772,D,Klaus-D. Salz,"Junitzstr. 16-94, 85805 Bersenbrück"
faruk71@example.com,07893912956,Deutschland,Sinaida Tröst,"Davidsstr. 51-91, 00500 Grimma"
andree57@example.net,+49(0)4469 567406,Deutschland,Walter Zorbach,"Zirmeplatz 64/44, 51466 Jülich"
ingo26@example.net,03443 69580,Polen,Werner Adolph,"Barthallee 6/1, 09284 Monschau"
birnbaumuwe@example.org,+49(0)2939 07737,Deutschland,Guenter Wagner,"Michaela-Schäfer-Ring 6/1, 80162 Recklinghausen"
rolf-dieterklemt@example.org,04286 625108,D,Angelo Höfig,"Oderwaldplatz 5855, 14609 Rothenburg ob der Tauber"
kirstinloeffler@example.com,+49(0)2608 481876,BRD,Irmengard Ullmann,"Alex-Schacht-Weg 6, 19630 Schwarzenberg"
gabi20@example.org,09364502823,Deutchland,Mohammed Conradi,"Ismet-Hermighausen-Platz 85-75, 29911 Halberstadt"
ester43@example.org,03436 95310,BRD,Daniela Barth,"Giovanna-Sauer-Straße 61-11, 29179 Königs Wusterhausen"
timgerlach@example.org,+49(0)5133460184,D,Constantin Henk,"Georg-Adler-Gasse 6882, 20831 Parsberg"
muehlesigrid@example.org,+491634850895,Niederland,Irina Ditschlerin,"Hans-Adolf-Hande-Straße 8, 11919 Sonneberg"
sylvia56@example.net,02965 561927,Germany,Leander Klotz,"Ortmanngasse 9771, 26395 Büsingen am Hochrhein"
ruppersbergermechtild@example.org,09990 68201,Germany,Amelie Boucsein,"Francesca-Aumann-Straße 86, 32163 Lüdinghausen"
cosimomoechlichen@example.net,05490 04903,BRD,Sonia Dussen van,"Steinbergplatz 94/65, 56399 Döbeln"
doerteschueler@example.org,+4949055141mi8,Deutchland,wolfqhard Holsten,"esther-warmer -eng 26-32, 60186 RIASA"
jobst13@example.net,04531 56309,Germany,Doreen Heß,"Alban-Wirth-Straße 9-6, 96459 Demmin"
roerrichtkarla@example.net,(02177) 351668,Germany,Etta Holsten,"Cemal-Haering-Platz 83-16, 21734 Vohenstrauß"
franjo22@example.net,+49(0)1983 06323,D,Sofie Girschner,"Johannring 1, 44424 Düren"
frankehenni@example.com,+49(0) 509476511,Deutchlknd,Greta Staude,"Sontaggasse 16/54, 475b Euskirchen"
lenageisel@example.net,03386194118,BRD,Gina Löchel,"Ehrentraud-Stey-Gasse 3424, 06628 Gräfenhainichen"
birthejuettner@gmail.scom,+43o074350957688,Oesterreich,Teresa SCHCOLL,"SCHLOS SERRNG 70-B73, 5359e1 Luckenwalde"
uwe18@example.net,+49(0) 009954288,Deutchland,Matthäus Beyer,"Hahnring 7/7, 67989 Miesbach"
katrinweiss@example.com,00635 85301,BRD,Frida Hövel,"Kunigunda-Budig-Platz 78-69, 93048 Donaueschingen"
hans-ottohartung@example.com,06170 731744,Deutschland,Arzu Boucsein,"Misicherstraße 3-7, 63678 Uffenheim"
qoderwald@example.com,09443485295,D,Athanasios Pechel,"Tilo-Weiß-Straße 1/4, 67687 Aue"
nasersiegmund@example.com,01497534115,BRD,Josip Fischer,"Wilmsplatz 1099, 09406 Lichtenfels"
qraedel@example.net,+49(0)1845146270,Deutchland,Ralf-Dieter shen,"otoallee 581, f5 288 Sankt Goarshausen"
eckartbeckmann@example.net,0648999405,deutschland,Ekkehard neureuther,"zaleksej-hänel-allee t67,  Wismqr"
,04589626838,brd,Carlos Jungfer,"ROGNERSTR. 96-13, 07612 Saarlouis"
noackantje@example.com,4935867342575,Deutshland,Rüdiger HERMIGHAUSiEN,"baejereg 0,  Pfaffenhofen an der Ilm"
klotdilde23@exacmple.org,49 0s2270655,,Pasquale Kraushaar,"Wolf-Heinrich-Weg 34-10, 16 60 Geithain"
birtzhejuettnerexample.com,+49(0)7435095288,Österreich,Theresia Scholl,"schlossling 70-73, 53591 LUCKENWALDE"
beirthejuettner@gmail.com,00434907435b95288,Oesterreidch,Theresia Scholl," 70-73, 53x5 1 Luckenwalde"
carmeloschacht@example.org,+49(0)2493 843089,DEUTSCHLAND,joan Rosemann,"saiff elstr 1-6, 6 4187 Karlsruhe"
doerteschueler@example.org,+49 (0) 5517 419258,,WOLFHARD Holsthen,"Esther-Warmer-Ring 26-32, 01n6 Riesa"
jacobhclt@xamp le.org,+49(0)3637 18923,,Gerhard Vollbrecht," 1-5, 26t93 badoberan"
heinz-guenther77@example.org,0158506417,DEUTCHLAND,ANeONIO evtumpf,"GIESELA-HAHN-ALLEE b, 3231 rottweil"
luisschulz@xample.org,4907432927129,BRD,Meik Schüler,"chlzstraße -8, 00835 Hettstedt"
ebonbaco@example.net,490018967408,brd,WILLFRIED Ehlerw,"Reginald-Wagenknecht-Ring 5121,  Hildburgjausen"
ebonbach@example.net,,BRD,Willfrid Ehlert,"reginald-wagenknecht-ring , 3b476 hildburghafsen"
frederike15@example.org,+49(0)8881 43111,Germany,Thomas Heintze,"Benderstr. 5535, 43928 Amberg"
ykoester@example.co,00495239880e0,Gemany,Yvonne Dietz,"Fred-Trüb-Ring 38-97, 59526 SAARLOUIS"
krsszenzsegeban@example.net,+495676618g,DEUTSCHLAND,Saban Girbchner,"Drubinplatz 9-3, 0t0478 Perleberg"
ikarz@example.net,0144c498335,D,iiche l conradi,"carolin-gsrein groth-ring 4/6, 44963 Tuttlingen"
ruppertivana@example.net,+4m3621836s771,Deutschland,NICO WEISS,"Liebeltstraße 2-o1, 56342 Delitzsch"
gezagerlach@example.com,00494903865624220,Germany,Soenkh Ritter,"Friederike-Bachmann-Platz 26-32, 7Q6 92 olpe"
wmatthgei@yahoo.com,,Deutschland,Berard Steinberg,"Rudolphweg 8, 41686 zossen"
luehlesigrid@gmx.de,0144850895,Niederlande,IRINA Ditschlerin,"Hans-Adolf-Hande-Straße 8, 11919 soneeberg"
baererkarija@gmx.me,490938815490,Deutschland,Sigrun herrymann,"HERINWEG s35,  Stade"
VOLLBRECHTURS@YAHOO.COM,+435534705742,DEUTSCHLBAND,Klaus-Guenter Lehmann,"drtwiklerwer 36/85, 55983 Havelberg"
george22@example.org,+49(0) 693180620,Polen,kGESCHE SEIFERT,"LIESCHENaRTMANNALLEE 3Q024, 6247 GEROLZHOFEN"
edeltraud99@example.org,03305172897,m,Klothile SCHMIDTKE,"gorlitzallee 8r8, 233d6 Gräfenhainichen"
,0330517289c,V,Klothilde Shmidtke,"Gorlitzallee 8-b8, 23306 GRAeFENHAINICHEN"
iharloffexample.com,,Deutschland,Katarzna Auan,"Zenta-Metz-Straße 6Qk, 016s8 Hamburg"
augostewilmsen@yahoo.coo,+49 (0) 0974 619177,D,Reinhart süller,"Krausstr. 79J9, 22589 Niesky"
karlheinza umano@example.net,+49(0)7528 35999,Deutchland,HANNI Roehrich," 2/1, 79135 Vilsbiburg"
atschentscher@example.org,,dgehtschland,Pawel SCHEEL,"DAGOBtRTOHANNWEG 9/em,  wotha"
atschentscher@example.org,05128276364,Deutschland,Pawel SbHEEL,"Dagobert-Johann-Weg 9/9, 96546 Gotha"
usauer@example.com,09648831921,eutchland,karl HOeLZENBECHER,"Karl-Josef-Gieß-Ring 92, 59994 Freital"
ionawaehnpr@example.org,00494901610705184,Deutschland,Paul-Heinz BAEM,"gerda-schmiedeke-allee 5, 29580 Luebz"
BRUDERTHEODORA@WEB.DE,00435479820236,Schweiz,Ildiko Matthäi,"Wernerallee 5 W77, 76880 SANKT GOARS HAMSEN"
bplath@example.org,+49(0)9976 759833,DEUTSCHAND,Susanna Krebs,"Sebastian-Bolzmann-Straße 5,  Jueterbog"
pwaehner@example.org,06939290600,xoln,karll-heinz AUSTE RMHLE,"wzgnerallee 6, 7173 Ravensburg"
OFRITSSH@EXAMPLE.NET,,Deutschland,Grit scheuermann,"nausgasse 21/17, 30871 Kulmbach"
rwirth@example.com,490303491891,rdeutschland,ELENA jungfer,"Sigrun-Nerger-Weg 42-g90, 93401 "
teresa36@example.net,+49(0)2611398986,Niederlande,Ira Zahn,"minar aedelgasse i8-6y, 39435 karlsruhe"
hermaheser@examplze.com,+49 (0) 4561 851744,BRD,TELSE Jacob,"barkholzgasse /3, 28991 Celle"
iradisch@example.com,(00516) 65451,Deutschland,Anne-Katrin Zimmer,"hanni-hrtsampf-ring nH9, 4x33 Pfaffenhofen an der lm"
bertklingglhoefer@example.org,014973132,D, NOACK,"Buttestraße , 74 18 kemnath"
bertzlingelhdoefer@example.org,01493132,D,BETTI Noack,"futtestraße 74, 74186 KEMNATH"
danicapohl@example.org,s0434907392957867,Deutpchland,Nicolas TOLL,"Grazyna-Röhrdanz-Gasse 3k/45, 36050 Steinfurt"
danicapohl@example.org,0490739293786,DEUPCHLAND,nicolas SbOL L,"Grazyna-Röhrdanz-Gasse 33/45, 36050 Steinfurt"
ometz@example.com,+e3509759230,Deutchland,cag ny bIES,"Junitzallee 1, 16423 Brandenburg"
msoeing@example.com,004949034345245k,D,Valeska Plath,"medrino 7u-7, 60652 Gunzenhausen"
cschomber@example.org,+43w90482477280,GERMApY,Anna-Maria Klotz," , 1k3171 aortheim"
mtlustek@example.org,09875950310,bd,Eckhard Wkieloch,"RENÉÖdELALLEE 2403, 45203 bad mergentheim"
PEIPHANS-RAINER@EXAMPLE.COM,0798335861,deutchland,LExOPOLDINE Vollbrecht,"PATBERGGASSE 9/9, 07f983 grevenbroicg"
kallertsusannl@example.net,+49(0)6602 41613,D,Angelique van der Dussen," 8059, 64248 Shleiz"
erna81@example.org,49024186u2030,qrd,Beata Süßebier,"sloboan-kramse-platz 74/23, 13 14 Bischofswierda"
ulrich43@examplv.net,07429250105,GERA NY,Lutz Dörr,"KOCHPLATZ 16/g8, 62590 "
andersstjepan@example.org,03563 163129,,JGESScCA Dehmel,"kobeltazllee 77/2k, 94963 regen"
bolzmannhans-joerg@example.net,4904127849386,deutschland,Maya STAHR,"Evi-Weinhold-Gasse 5/9, 15791 Brandenburg"
RBAERER@EXAMPLE.ORG,0v7492343,zD,Jacqruelinl ,"uppertxtr. 0/14, 66937 Heinsberg"
,0744923435,D,Jacquelione Pärtzelt,"ruppertstr. 60/14, 66937 Heinsberg"
holzapfelburkard@example.com,+434901756685135,D,fatima böurnedr,"ANNEROSESHULZALLEE 94, 74755 Fallingbostel"
karen32@example.com,49067924y15751,Deutchland,eveline Wilms,"Flora-Mielcarek-Allee 4-, 5434d6 no edlingen"
ANNEDOREMATSHAEI@EXAMPLE.NET,,Deuschlfand,Juri Scheibe,"Janin-Fischer-Ring 1, 0742k Lobnsjtein"
,095567164g9,DEUTdHLAN,Marvin Stiebitz," n2, 14872 Chemnitz"
GUSTAVD2@EXAMPLE.NET,,p,hans-albert Sauer," 5, 91477 Großenhain"
HAHSEKOWNRAD@EXAMPE.ORs,+49(0) 622033474,Getrmany, Koch II,"Joseph-Ladeck-Platz 50, 9686 backnang"
renata22@example.com,01472662565,BRD,eopildine PÄRZaELT,"jochen-kranz-gasse 20-50, 13068 Eisleben"
knappezdenka@example.org,03961367499,BRD,STELLA Geisler,"Werneckeallee 68, 78427 Cottbus"
fritschargarita@gmail.cvom,49034120160,BRD,Azifz GbTZ,"Schmidtweg , 1860 Flöha"
zbdoch@example.net,+49(0)5421 85457,Deutschland,Cäcilie Brudr,"Marco-Lübs-Weg 309, 57090 Belzig"
schulztill@example.net,04z33881,Deutchland,Albertine Weiß,"EBERTRI NG 16-66, 84444 SUt L"
margita80@example.net,4904010414596,D,DIETuELM Grein Groth,"Thanelplatz H297, 2967 PARSBERG"
hoffmanndorothe@example.com,+49121k77306,D,monja y röhlih,"larakohlgasse 3/4, 97371 eckernförde"
xmisicher@gmail.com,+49(0) 938525800,BRD,Jens Sölejr,"ALEKSANDERLNGbRNGASSE 67, 4300 bayreuth"
yaumann@example.net,02861622999,Deutschland,Massimo Hofmann,"stelladuringweg 94, h469 Bad Kissingen"
zweitzel@example.org,+49(0)5459671500,Gedmany,Larissa Bachmann,"RÖWERWEG 7-5, 16r4 Wyldmüncen"
hermine38@example.co,490259047227,Germany,Ivonne Hoozapfel,"XORNICHPLATZ d6330, 26620 Jueterbog"
HEINZ-WERNRZ4@EXAMPLE.ORG,00437794620726,Deutchland,Friedrich BINNER,"Steckelplatz 950, 77s602 Grimma"
sigrirdklemt@example.com,004349072079796,gerjmany,Friedericke DITSCHLERIN,"Mühleallee 6459, 6408 LUEDINGHAUSEN"
HMLDEGART33@EXAMPLE.COM,0708604145,BRD,raimund ,"KILERxEG bs4-, 20005 Gütersloh"
melissa43@example.org,035058319937,germany,s teve barh,"emi-caathäioweg 11, 5120 bautze"
melisso43@example.org,03505 831997,Germany,STEVE BARZTH,"Emmi-Matthäi-Weg 1, 651f20 Bautzen"
margitwagenknecht@example.net,F43h9753428364,D,Almuth Hoffmann,"BOLANjERSR. 868, 5685a6 dresden"
peukertrotraud@example.cm,,germanty,gerlind Jessel,"Textorstr. , 33260 "
rsustigor@e  xample.set,+43490359379719,rsd,CORNELA Biggdn,"a bram-bohlander-alee 2, 61622 KLF YE"
,,D,ILTRAUD ,"greta-hess-str. 9s9/47, 54883 Neustrelitz"
ahartung@gmx.de,+49(0) 891736907,Germany,erw i ullrich,"Seifertstraße 8-3, 00521 Vehtl"
sabri40@example.com,+49(0)0388 027304,deutchland,PAMELUA Schuster,"ZENON-LINDNERBPLATZ 3-9, 44471 saarlosis"
karl-josefbolnbach@example.org,+49(0)0629 11872,srd,maurizi Scheuermann,"ANIKA-FRANKE-RING 41-18, 81796 Neubrandenbfrg"
gsoeding@examplec.com,4u0090071210,Deugchland,Henni Wagner," 4447, 5777 co burg"
carstenmariusz@example.org,0911371y785,BRD,helene ,"LIALO-SCHUCHHARDT-ALLEE u2, 56184 griesbach rottl"
mehdi4u@example.net,,deutschdnd,Magarete Peched," 5220, 44743 wofgast"
MOHAUPTISXBELLE@WEB.DE,+49(0)6780 664315,Deutchland,Hrtha Finke,"Eduard-Kramer-Allee 3/9, 50370 bNauen"
bgehringer@example.com,,Deutschland,siyl la GRAF,"Fechnerring a640, 01168 Starnberg"
PAULHNTTNER@EXAMPLE.NET,04904218385s54,BRD, Killer,"ANKO-STEY-STx. 5/6, 75231 DIEUR G"
taescaheferdi@example.org,+49(0) 818769208,GERMANY,Paula SLZ,"AUGUST A-HEINeICZ-PLATZ 9089, 38815 Grevesmuehlen"
hans-guenter70@example.com,08434902115,Deutchland,Reinhilde Kanz,"Werneckestr. 9806, 87937 Bitterfeld"
tdrub@webb.de,+49(0)3079 63731,Deutschland,Ljubica FRANKE,"ANSGARREINHARDTALLEE 97, 2211i5 "
vlqngern@example.org,,Deutchland,ktrl-otto köher,"Sergei-Mies-Gasse 12, s4527 Einbeck"
henschelraphala@example.net,490983022050,iD,DOOTHE Schinke,"mojja-b eckman-allee 6k2, 16224 Miesacyh"
gundolf99@example.net,+49(0)2419 049663,D,Hildegard Hertrampf,"Daria-Stumtpf-Aldee 2149, 58651 Anklam"
whunitz@web.de,0865786557,D, Dippel,"ktzmanngasse 747, 00068 Husum"
toralfhaase@example.net,849016781277,Germaoy,Kasimir Byloch,"Silva-Gotthard-Gasse 2, 79821 Griesbach Rottal"
sqndor31@example.org,0049490417759735,Deutschland,FRIEHILDE ," 2, 44270 bremen"
sandor31@examkle.org,+494904p79749735,Deutschland,friedhilde Weimer,"Gerfried-Bninner-Weg a, 4o270 Bremen"
irissoadplmann@example.net,(02256) 06295,BRH,German Kensy,"peer-soelzer-gasse 4-8, 1 8j Tirschenreuth"
irisstadelmann@example.net,8z225606295,brd,German Kensy,"Peerr-Soelzer-Gasse 4-8, 11804 Tirschenreuth"
pschomber@example.com,09857g97356,D, ,"mesut-stroh-platz 7-6, 91476 EMNATH"
annelene2u@example.net,,DEUTqHLAND,Erwin Hentschel,"Gernot-Eberth-Straße 0, 14407 Donaueschbingen"
leonid12@example.org,49613285072,schweu,Rebekka Gerlach,"Ditschlerinstraße 4-8, 7a162 ZOSSEN"
,49013s5350696,Geriany,Jacob Segebahn,"REINALD-BOeRNER-str t/6, 52741 Dieburg"
carlo18@example.com,0903599285,DEUTSCHLAND,AMANDx Schmidtke,"Wesackallee 3595, 56100 NEUSTADT AM RÜBYNBERGE"
fwn kehenni@exmple.com,+49(0) 509476511,Deutchland, Stauee,"SONTXAGGASSE 16/x4, 47539 EUSKIRCHEN"
mahmutwalter@example.cxom,,Deutschland,Luis MÄLZER,"Fröhlichweg 86-11, 5877 7 Weißwasser"
kaesterleyla@example.com,,BRD,areike BECKvR,"VOLLBRECHRING 1y6, 65952 Bischofswerda"
haenelfriedo@example.com,0599669327,Deutchland,Hubertine Thanel,"dobessr. 2765, 38201 Gunzenhausen"
NIEMEIERPASCALE@GMX.DE,0100943882b,ABRD,Nikolaj MÜHLE,"Eckhard-Jähn-Allee 67/97, 74570 Hannoversch Münden"
PWEIHMANN@YAHOO.COM,490266299123,qD,Diethard Hande," 71/29, 6h628 Wanzleben"
aweihmann@example.com,,D,DIzETHARD Hande," 71/29, b4628 Wanzleben"
AWEIHMANNEXAMPLE.uOM,+49(0)2662 99123,D,Diethard ,"Mülichenallee 71q2, 64628 WANZLEBEN"
schwitalrudi@example.com,07263475575,Germany, ,"Veronika-Geisler-Ring 1, 94884 LICHTEDNFELS"
samuelschuchhardt@example.com,490703088081,deutschland,bert Scheuerman,"Roman-Fischer-Weg 9b9, 44850 "
samuelschuchhardt@example.com,4907030880817,Deuschand,dert Sceuermann,"roan-fiscrer-weg 996, 44850 Miltenberg"
GHERMIGHUSEN@EXAMPLE.ORG,0755403648p8,Dexutchland,Hildburg Wieloch," 97-63, 66232 "
